<?xml version="1.0" encoding="UTF-8" standalone="yes"?>
<manifest>
  <control namespace="PCFGridActivity" constructor="GridActivity" version="0.0.180" display-name-key="Grid Activity" description-key="This grid is capable of retrieving records based on previously prepared queries." control-type="standard" preview-image="img/preview.png" api-version="1.3.0">
    <data-set name="dataSet" display-name-key="Name of view" cds-data-set-options="displayCommandBar:true;displayViewSelector:true;displayQuickFindSearch:true"/>
    <property name="entityName" display-name-key="Entities Name" description-key="Enter the names of the entities (separated by commas) from which you want to extract the activities. E.g.: account,contact,lead" of-type="SingleLine.Text" usage="input" required="true"/>
    <property name="lookupName" display-name-key="Lookup Name" description-key="Enter the names of the lookup fields (link to parent entity) separated by commas. E.g.: new_accountid,new_contactid,new_leadid" of-type="SingleLine.Text" usage="input" required="true"/>
    <property name="parentName" display-name-key="Parent Name" description-key="Enter the names of the Parent Name fields (Name from Parent Entity) separated by commas. E.g.: name,fullname,new_name" of-type="SingleLine.Text" usage="input" required="true"/>
    <property name="ActiveOnly" display-name-key="Active Only" description-key="Show active search results only." of-type="Enum" usage="input" required="true" default-value="0">
      <value name="Off" display-name-key="Off" description-key="Display all records.">0</value>
      <value name="On" display-name-key="On" description-key="Display active records only.">1</value>
    </property>
    <resources>
      <code path="bundle.js" order="1"/>
      <css path="css/GridActivity.css" order="1"/>
      <css path="css/jquery.dataTables.css" order="10"/>
      <img path="img/sort_asc_disabled.png"/>
      <img path="img/sort_asc.png"/>
      <img path="img/sort_both.png"/>
      <img path="img/sort_desc_disabled.png"/>
      <img path="img/sort_desc.png"/>
      <resx path="strings/GridActivity.1033.resx" version="1.0.0"/>
    </resources>
    <feature-usage>
      <uses-feature name="Utility" required="true"/>
      <uses-feature name="WebAPI" required="true"/>
    </feature-usage>
    <built-by name="pac" version="1.6.6"/>
  </control>
</manifest>