<manifest><control namespace="PCFGridActivity" constructor="GridActivity" version="0.0.18" display-name-key="GridActivity" description-key="GridActivity description" control-type="standard" preview-image="img/preview.png" api-version="1.3.0"><data-set name="dataSet" display-name-key="Dataset_Display_Key" cds-data-set-options="displayCommandBar:true;displayViewSelector:true;displayQuickFindSearch:true" /><resources><code path="bundle.js" order="1" /><css path="css/jquery.dataTables.css" order="1" /><css path="css/GridActivity.css" order="10" /><resx path="strings/GridActivity.1033.resx" version="1.0.0" /></resources><feature-usage><uses-feature name="Utility" required="true" /><uses-feature name="WebAPI" required="true" /></feature-usage><built-by name="pac" version="1.6.6" /></control></manifest>